{"texto": "\n    MASWE (Beta)\n    \n  "}
{"texto": "\n    MASWE-0001: Insertion of Sensitive Data into Logs\n    \n  "}
{"texto": "\n    MASWE-0002: Sensitive Data Stored With Insufficient Access Restrictions in Internal Locations\n    \n  "}
{"texto": "\n    MASWE-0003: Backup Unencrypted\n    \n  "}
{"texto": "\n    MASWE-0004: Sensitive Data Not Excluded From Backup\n    \n  "}
{"texto": "\n    MASWE-0006: Sensitive Data Stored Unencrypted in Private Storage Locations\n    \n  "}
{"texto": "\n    MASWE-0007: Sensitive Data Stored Unencrypted in Shared Storage Requiring No User Interaction\n    \n  "}
{"texto": "\n    MASWE-0009: Improper Cryptographic Key Generation\n    \n  "}
{"texto": "\n    MASWE-0010: Improper Cryptographic Key Derivation\n    \n  "}
{"texto": "\n    MASWE-0011: Cryptographic Key Rotation Not Implemented\n    \n  "}
{"texto": "\n    MASWE-0012: Insecure or Wrong Usage of Cryptographic Key\n    \n  "}
{"texto": "\n    MASWE-0013: Hardcoded Cryptographic Keys in Use\n    \n  "}
{"texto": "\n    MASWE-0014: Cryptographic Keys Not Properly Protected at Rest\n    \n  "}
{"texto": "\n    MASWE-0015: Deprecated Android KeyStore Implementations\n    \n  "}
{"texto": "\n    MASWE-0016: Unsafe Handling of Imported Cryptographic Keys\n    \n  "}
{"texto": "\n    MASWE-0017: Cryptographic Keys Not Properly Protected on Export\n    \n  "}
{"texto": "\n    MASWE-0018: Cryptographic Keys Access Not Restricted\n    \n  "}
{"texto": "\n    MASWE-0019: Risky Cryptography Implementations\n    \n  "}
{"texto": "\n    MASWE-0020: Improper Encryption\n    \n  "}
{"texto": "\n    MASWE-0021: Improper Hashing\n    \n  "}
{"texto": "\n    MASWE-0022: Predictable Initialization Vectors (IVs)\n    \n  "}
{"texto": "\n    MASWE-0023: Risky Padding\n    \n  "}
{"texto": "\n    MASWE-0024: Improper Use of Message Authentication Code (MAC)\n    \n  "}
{"texto": "\n    MASWE-0025: Improper Generation of Cryptographic Signatures\n    \n  "}
{"texto": "\n    MASWE-0026: Improper Verification of Cryptographic Signature\n    \n  "}
{"texto": "\n    MASWE-0027: Improper Random Number Generation\n    \n  "}
{"texto": "\n    MASWE-0005: API Keys Hardcoded in the App Package\n    \n  "}
{"texto": "\n    MASWE-0028: MFA Implementation Best Practices Not Followed\n    \n  "}
{"texto": "\n    MASWE-0029: Step-Up Authentication Not Implemented After Login\n    \n  "}
{"texto": "\n    MASWE-0030: Re-Authenticates Not Triggered On Contextual State Changes\n    \n  "}
{"texto": "\n    MASWE-0031: Insecure use of Android Protected Confirmation\n    \n  "}
{"texto": "\n    MASWE-0032: Platform-provided Authentication APIs Not Used\n    \n  "}
{"texto": "\n    MASWE-0033: Authentication or Authorization Protocol Security Best Practices Not Followed\n    \n  "}
{"texto": "\n    MASWE-0034: Insecure Implementation of Confirm Credentials\n    \n  "}
{"texto": "\n    MASWE-0035: Passwordless Authentication Not Implemented\n    \n  "}
{"texto": "\n    MASWE-0036: Authentication Material Stored Unencrypted on the Device\n    \n  "}
{"texto": "\n    MASWE-0037: Authentication Material Sent over Insecure Connections\n    \n  "}
{"texto": "\n    MASWE-0038: Authentication Tokens Not Validated\n    \n  "}
{"texto": "\n    MASWE-0039: Shared Web Credentials and Website-association Not Implemented\n    \n  "}
{"texto": "\n    MASWE-0040: Insecure Authentication in WebViews\n    \n  "}
{"texto": "\n    MASWE-0041: Authentication Enforced Only Locally Instead of on the Server-side\n    \n  "}
{"texto": "\n    MASWE-0042: Authorization Enforced Only Locally Instead of on the Server-side\n    \n  "}
{"texto": "\n    MASWE-0043: App Custom PIN Not Bound to Platform KeyStore\n    \n  "}
{"texto": "\n    MASWE-0044: Biometric Authentication Can Be Bypassed\n    \n  "}
{"texto": "\n    MASWE-0045: Fallback to Non-biometric Credentials Allowed for Sensitive Transactions\n    \n  "}
{"texto": "\n    MASWE-0046: Crypto Keys Not Invalidated on New Biometric Enrollment\n    \n  "}
{"texto": "\n    MASWE-0047: Insecure Identity Pinning\n    \n  "}
{"texto": "\n    MASWE-0048: Insecure Machine-to-Machine Communication\n    \n  "}
{"texto": "\n    MASWE-0049: Proven Networking APIs Not used\n    \n  "}
{"texto": "\n    MASWE-0050: Cleartext Traffic\n    \n  "}
{"texto": "\n    MASWE-0051: Unprotected Open Ports\n    \n  "}
{"texto": "\n    MASWE-0052: Insecure Certificate Validation\n    \n  "}
{"texto": "\n    MASWE-0053: Sensitive Data Leaked via the User Interface\n    \n  "}
{"texto": "\n    MASWE-0054: Sensitive Data Leaked via Notifications\n    \n  "}
{"texto": "\n    MASWE-0055: Sensitive Data Leaked via Screenshots or Screen Recordings\n    \n  "}
{"texto": "\n    MASWE-0056: Tapjacking Attacks\n    \n  "}
{"texto": "\n    MASWE-0057: StrandHogg Attack / Task Affinity Vulnerability\n    \n  "}
{"texto": "\n    MASWE-0058: Insecure Deep Links\n    \n  "}
{"texto": "\n    MASWE-0059: Use Of Unauthenticated Platform IPC\n    \n  "}
{"texto": "\n    MASWE-0060: Insecure Use of UIActivity\n    \n  "}
{"texto": "\n    MASWE-0061: Insecure Use of App Extensions\n    \n  "}
{"texto": "\n    MASWE-0062: Insecure Services\n    \n  "}
{"texto": "\n    MASWE-0063: Insecure Broadcast Receivers\n    \n  "}
{"texto": "\n    MASWE-0064: Insecure Content Providers\n    \n  "}
{"texto": "\n    MASWE-0065: Sensitive Data Permanently Shared with Other Apps\n    \n  "}
{"texto": "\n    MASWE-0066: Insecure Intents\n    \n  "}
{"texto": "\n    MASWE-0067: Debuggable Flag Not Disabled\n    \n  "}
{"texto": "\n    MASWE-0068: JavaScript Bridges in WebViews\n    \n  "}
{"texto": "\n    MASWE-0069: WebViews Allows Access to Local Resources\n    \n  "}
{"texto": "\n    MASWE-0070: JavaScript Loaded from Untrusted Sources\n    \n  "}
{"texto": "\n    MASWE-0071: WebViews Loading Content from Untrusted Sources\n    \n  "}
{"texto": "\n    MASWE-0072: Universal XSS\n    \n  "}
{"texto": "\n    MASWE-0073: Insecure WebResourceResponse Implementations\n    \n  "}
{"texto": "\n    MASWE-0074: Web Content Debugging Enabled\n    \n  "}
{"texto": "\n    MASWE-0075: Enforced Updating Not Implemented\n    \n  "}
{"texto": "\n    MASWE-0076: Dependencies with Known Vulnerabilities\n    \n  "}
{"texto": "\n    MASWE-0077: Running on a recent Platform Version Not Ensured\n    \n  "}
{"texto": "\n    MASWE-0078: Latest Platform Version Not Targeted\n    \n  "}
{"texto": "\n    MASWE-0079: Unsafe Handling of Data from the Network\n    \n  "}
{"texto": "\n    MASWE-0080: Unsafe Handling of Data from Backups\n    \n  "}
{"texto": "\n    MASWE-0081: Unsafe Handling Of Data From External Interfaces\n    \n  "}
{"texto": "\n    MASWE-0082: Unsafe Handling of Data From Local Storage\n    \n  "}
{"texto": "\n    MASWE-0083: Unsafe Handling of Data From The User Interface\n    \n  "}
{"texto": "\n    MASWE-0084: Unsafe Handling of Data from IPC\n    \n  "}
{"texto": "\n    MASWE-0085: Unsafe Dynamic Code Loading\n    \n  "}
{"texto": "\n    MASWE-0086: SQL Injection\n    \n  "}
{"texto": "\n    MASWE-0087: Insecure Parsing and Escaping\n    \n  "}
{"texto": "\n    MASWE-0088: Insecure Object Deserialization\n    \n  "}
{"texto": "\n    MASWE-0116: Compiler Provided Security Features Not Used\n    \n  "}
{"texto": "\n    MASWE-0008: Missing Device Secure Lock Verification Implementation\n    \n  "}
{"texto": "\n    MASWE-0089: Code Obfuscation Not Implemented\n    \n  "}
{"texto": "\n    MASWE-0090: Resource Obfuscation Not Implemented\n    \n  "}
{"texto": "\n    MASWE-0091: Anti-Deobfuscation Techniques Not Implemented\n    \n  "}
{"texto": "\n    MASWE-0092: Static Analysis Tools Not Prevented\n    \n  "}
{"texto": "\n    MASWE-0093: Debugging Symbols Not Removed\n    \n  "}
{"texto": "\n    MASWE-0094: Non-Production Resources Not Removed\n    \n  "}
{"texto": "\n    MASWE-0095: Code That Disables Security Controls Not Removed\n    \n  "}
{"texto": "\n    MASWE-0096: Data Sent Unencrypted Over Encrypted Connections\n    \n  "}
{"texto": "\n    MASWE-0097: Root/Jailbreak Detection Not Implemented\n    \n  "}
{"texto": "\n    MASWE-0098: App Virtualization Environment Detection Not Implemented\n    \n  "}
{"texto": "\n    MASWE-0099: Emulator Detection Not Implemented\n    \n  "}
{"texto": "\n    MASWE-0100: Device Attestation Not Implemented\n    \n  "}
{"texto": "\n    MASWE-0101: Debugger Detection Not Implemented\n    \n  "}
{"texto": "\n    MASWE-0102: Dynamic Analysis Tools Detection Not Implemented\n    \n  "}
{"texto": "\n    MASWE-0103: RASP Techniques Not Implemented\n    \n  "}
{"texto": "\n    MASWE-0104: App Integrity Not Verified\n    \n  "}
{"texto": "\n    MASWE-0105: Integrity of App Resources Not Verified\n    \n  "}
{"texto": "\n    MASWE-0106: Official Store Verification Not Implemented\n    \n  "}
{"texto": "\n    MASWE-0107: Runtime Code Integrity Not Verified\n    \n  "}
{"texto": "\n    MASWE-0108: Sensitive Data in Network Traffic\n    \n  "}
{"texto": "\n    MASWE-0109: Lack of Anonymization or Pseudonymisation Measures\n    \n  "}
{"texto": "\n    MASWE-0110: Use of Unique Identifiers for User Tracking\n    \n  "}
{"texto": "\n    MASWE-0111: Inadequate Privacy Policy\n    \n  "}
{"texto": "\n    MASWE-0112: Inadequate Data Collection Declarations\n    \n  "}
{"texto": "\n    MASWE-0113: Lack of Proper Data Management Controls\n    \n  "}
{"texto": "\n    MASWE-0114: Inadequate Data Visibility Controls\n    \n  "}
{"texto": "\n    MASWE-0115: Inadequate or Ambiguous User Consent Mechanisms\n    \n  "}
{"texto": "\n    MASWE-0117: Inadequate Permission Management\n    \n  "}
{"texto": "\n    MASTG\n    \n  "}
{"texto": "\n    OWASP MASVS and MASTG Adoption\n    \n  "}
{"texto": "\n    MASTG-BEST-0001: Use Secure Random Number Generator APIs\n    \n  "}
{"texto": "\n    MASTG-BEST-0002: Remove Logging Code\n    \n  "}
{"texto": "\n    MASTG-BEST-0003: Comply with Privacy Regulations and Best Practices\n    \n  "}
{"texto": "\n    MASTG-BEST-0004: Exclude Sensitive Data from Backups\n    \n  "}
{"texto": "\n    MASTG-BEST-0005: Use Secure Encryption Modes\n    \n  "}
{"texto": "\n    MASTG-BEST-0006: Use Up-to-Date APK Signing Schemes\n    \n  "}
{"texto": "\n    MASTG-BEST-0007: Debuggable Flag Disabled in the AndroidManifest\n    \n  "}
{"texto": "\n    MASTG-BEST-0008: Debugging Disabled for WebViews\n    \n  "}
{"texto": "\n    MASTG-BEST-0009: Use Secure Encryption Algorithms\n    \n  "}
{"texto": "\n    MASTG-BEST-0010: Use Up-to-Date minSdkVersion\n    \n  "}
{"texto": "\n    MASTG-BEST-0011: Securely Load File Content in a WebView\n    \n  "}
{"texto": "\n    MASTG-BEST-0012: Disable JavaScript in WebViews\n    \n  "}
{"texto": "\n    MASTG-BEST-0013: Disable Content Provider Access in WebViews\n    \n  "}
{"texto": "\n    MASTG-BEST-0014: Preventing Screenshots and Screen Recording\n    \n  "}
{"texto": "\n    MASTG-BEST-0015: Use `setRecentsScreenshotEnabled` to Prevent Screenshots When Backgrounded\n    \n  "}
{"texto": "\n    MASTG-BEST-0016: Use `SECURE_FLAG` to Prevent Screenshots and Screen Recording\n    \n  "}
{"texto": "\n    MASTG-BEST-0017: Use `setSecure` to Prevent Screenshots in SurfaceViews\n    \n  "}
{"texto": "\n    MASTG-BEST-0018: Use `SecureFlagPolicy.SecureOn` to Prevent Screenshots in Compose Components\n    \n  "}
{"texto": "\n    MASTG-BEST-0019: Use Non-Caching Input Types for Sensitive Fields\n    \n  "}
{"texto": "\n    MASTG-BEST-0020: Update the GMS Security Provider\n    \n  "}
{"texto": "\n    MASTG-BEST-0021: Ensure Proper Error and Exception Handling\n    \n  "}
{"texto": "\n    MASTG-BEST-0022: Disable Verbose and Debug Logging in Production Builds\n    \n  "}
{"texto": "\n    MASTG-BEST-0023: Exclude Sensitive Information from Backups\n    \n  "}
{"texto": "\n    MASTG-BEST-0024: Store Data Encrypted in App Sandbox Directory\n    \n  "}
{"texto": "\n    MASTG-BEST-0025: Use Secure Random Number Generator APIs\n    \n  "}
{"texto": "\n    MASTG-KNOW-0036: Shared Preferences\n    \n  "}
{"texto": "\n    MASTG-KNOW-0037: SQLite Database\n    \n  "}
{"texto": "\n    MASTG-KNOW-0038: SQLCipher Database\n    \n  "}
{"texto": "\n    MASTG-KNOW-0039: Firebase Real-time Databases\n    \n  "}
{"texto": "\n    MASTG-KNOW-0040: Realm Databases\n    \n  "}
{"texto": "\n    MASTG-KNOW-0041: Internal Storage\n    \n  "}
{"texto": "\n    MASTG-KNOW-0042: External Storage\n    \n  "}
{"texto": "\n    MASTG-KNOW-0043: Android KeyStore\n    \n  "}
{"texto": "\n    MASTG-KNOW-0044: Key Attestation\n    \n  "}
{"texto": "\n    MASTG-KNOW-0045: Secure Key Import into Keystore\n    \n  "}
{"texto": "\n    MASTG-KNOW-0046: BouncyCastle KeyStore\n    \n  "}
{"texto": "\n    MASTG-KNOW-0047: Cryptographic Key Storage\n    \n  "}
{"texto": "\n    MASTG-KNOW-0048: KeyChain\n    \n  "}
{"texto": "\n    MASTG-KNOW-0049: Logs\n    \n  "}
{"texto": "\n    MASTG-KNOW-0050: Backups\n    \n  "}
{"texto": "\n    MASTG-KNOW-0051: Process Memory\n    \n  "}
{"texto": "\n    MASTG-KNOW-0052: User Interface Components\n    \n  "}
{"texto": "\n    MASTG-KNOW-0053: Screenshots\n    \n  "}
{"texto": "\n    MASTG-KNOW-0054: App Notifications\n    \n  "}
{"texto": "\n    MASTG-KNOW-0055: Keyboard Cache\n    \n  "}
{"texto": "\n    MASTG-KNOW-0011: Security Provider\n    \n  "}
{"texto": "\n    MASTG-KNOW-0012: Key Generation\n    \n  "}
{"texto": "\n    MASTG-KNOW-0013: Random number generation\n    \n  "}
{"texto": "\n    MASTG-KNOW-0001: Biometric Authentication\n    \n  "}
{"texto": "\n    MASTG-KNOW-0002: FingerprintManager\n    \n  "}
{"texto": "\n    MASTG-KNOW-0014: Android Network Security Configuration\n    \n  "}
{"texto": "\n    MASTG-KNOW-0015: Certificate Pinning\n    \n  "}
{"texto": "\n    MASTG-KNOW-0016: TBD\n    \n  "}
{"texto": "\n    MASTG-KNOW-0017: App Permissions\n    \n  "}
{"texto": "\n    MASTG-KNOW-0018: WebViews\n    \n  "}
{"texto": "\n    MASTG-KNOW-0019: Deep Links\n    \n  "}
{"texto": "\n    MASTG-KNOW-0020: Inter-Process Communication (IPC) Mechanisms\n    \n  "}
{"texto": "\n    MASTG-KNOW-0021: Object Serialization\n    \n  "}
{"texto": "\n    MASTG-KNOW-0022: Overlay Attacks\n    \n  "}
{"texto": "\n    MASTG-KNOW-0023: Enforced Updating\n    \n  "}
{"texto": "\n    MASTG-KNOW-0024: Pending Intents\n    \n  "}
{"texto": "\n    MASTG-KNOW-0025: Implicit Intents\n    \n  "}
{"texto": "\n    MASTG-KNOW-0105: User-Initiated Screenshots and Screen Recording\n    \n  "}
{"texto": "\n    MASTG-KNOW-0106: App-Initiated Screenshots and Screen Recording\n    \n  "}
{"texto": "\n    MASTG-KNOW-0107: Screenshots and Screen Recording Detection\n    \n  "}
{"texto": "\n    MASTG-KNOW-0003: App Signing\n    \n  "}
{"texto": "\n    MASTG-KNOW-0004: Third-Party Libraries\n    \n  "}
{"texto": "\n    MASTG-KNOW-0005: Memory Corruption Bugs\n    \n  "}
{"texto": "\n    MASTG-KNOW-0006: Binary Protection Mechanisms\n    \n  "}
{"texto": "\n    MASTG-KNOW-0007: Debuggable Apps\n    \n  "}
{"texto": "\n    MASTG-KNOW-0008: Debugging Information and Debug Symbols\n    \n  "}
{"texto": "\n    MASTG-KNOW-0009: StrictMode\n    \n  "}
{"texto": "\n    MASTG-KNOW-0010: Exception Handling\n    \n  "}
{"texto": "\n    MASTG-KNOW-0027: Root Detection\n    \n  "}
{"texto": "\n    MASTG-KNOW-0028: Anti-Debugging\n    \n  "}
{"texto": "\n    MASTG-KNOW-0029: File Integrity Checks\n    \n  "}
{"texto": "\n    MASTG-KNOW-0030: Detection of Reverse Engineering Tools\n    \n  "}
{"texto": "\n    MASTG-KNOW-0031: Emulator Detection\n    \n  "}
{"texto": "\n    MASTG-KNOW-0032: Runtime Integrity Verification\n    \n  "}
{"texto": "\n    MASTG-KNOW-0033: Obfuscation\n    \n  "}
{"texto": "\n    MASTG-KNOW-0034: Device Binding\n    \n  "}
{"texto": "\n    MASTG-KNOW-0035: Google Play Integrity API\n    \n  "}
{"texto": "\n    MASTG-KNOW-0026: Third-party Services Embedded in the App\n    \n  "}
{"texto": "\n    MASTG-KNOW-0091: File System APIs\n    \n  "}
{"texto": "\n    MASTG-KNOW-0092: Binary Data Storage\n    \n  "}
{"texto": "\n    MASTG-KNOW-0093: UserDefaults\n    \n  "}
{"texto": "\n    MASTG-KNOW-0094: CoreData\n    \n  "}
{"texto": "\n    MASTG-KNOW-0095: Firebase Real-time Databases\n    \n  "}
{"texto": "\n    MASTG-KNOW-0096: Realm Databases\n    \n  "}
{"texto": "\n    MASTG-KNOW-0097: Other Third-Party Databases\n    \n  "}
{"texto": "\n    MASTG-KNOW-0098: User Interface Components\n    \n  "}
{"texto": "\n    MASTG-KNOW-0099: Screenshots\n    \n  "}
{"texto": "\n    MASTG-KNOW-0100: Keyboard Cache\n    \n  "}
{"texto": "\n    MASTG-KNOW-0101: Logs\n    \n  "}
{"texto": "\n    MASTG-KNOW-0102: Backups\n    \n  "}
{"texto": "\n    MASTG-KNOW-0103: Process Memory\n    \n  "}
{"texto": "\n    MASTG-KNOW-0104: Inter-Process Communication (IPC) Mechanisms\n    \n  "}
{"texto": "\n    MASTG-KNOW-0108: App Sandbox Directories\n    \n  "}
{"texto": "\n    MASTG-KNOW-0066: CryptoKit\n    \n  "}
{"texto": "\n    MASTG-KNOW-0067: CommonCrypto, SecKey and Wrapper libraries\n    \n  "}
{"texto": "\n    MASTG-KNOW-0068: Cryptographic Third-Party libraries\n    \n  "}
{"texto": "\n    MASTG-KNOW-0069: Key Management\n    \n  "}
{"texto": "\n    MASTG-KNOW-0070: Random Number Generator\n    \n  "}
{"texto": "\n    MASTG-KNOW-0056: Local Authentication Framework\n    \n  "}
{"texto": "\n    MASTG-KNOW-0057: Keychain Services\n    \n  "}
{"texto": "\n    MASTG-KNOW-0071: iOS App Transport Security\n    \n  "}
{"texto": "\n    MASTG-KNOW-0072: Server Trust Evaluation\n    \n  "}
{"texto": "\n    MASTG-KNOW-0073: iOS Network APIs\n    \n  "}
{"texto": "\n    MASTG-KNOW-0074: Enforced Updating\n    \n  "}
{"texto": "\n    MASTG-KNOW-0075: Object Serialization\n    \n  "}
{"texto": "\n    MASTG-KNOW-0076: WebViews\n    \n  "}
{"texto": "\n    MASTG-KNOW-0077: App Permissions\n    \n  "}
{"texto": "\n    MASTG-KNOW-0078: Inter-Process Communication (IPC)\n    \n  "}
{"texto": "\n    MASTG-KNOW-0079: Custom URL Schemes\n    \n  "}
{"texto": "\n    MASTG-KNOW-0080: Universal Links\n    \n  "}
{"texto": "\n    MASTG-KNOW-0081: UIActivity Sharing\n    \n  "}
{"texto": "\n    MASTG-KNOW-0082: App extensions\n    \n  "}
{"texto": "\n    MASTG-KNOW-0083: Pasteboard\n    \n  "}
{"texto": "\n    MASTG-KNOW-0058: App Signing\n    \n  "}
{"texto": "\n    MASTG-KNOW-0059: Third-Party Libraries\n    \n  "}
{"texto": "\n    MASTG-KNOW-0060: Memory Corruption Bugs\n    \n  "}
{"texto": "\n    MASTG-KNOW-0061: Binary Protection Mechanisms\n    \n  "}
{"texto": "\n    MASTG-KNOW-0062: Debuggable Apps\n    \n  "}
{"texto": "\n    MASTG-KNOW-0063: Debugging Information and Debug Symbols\n    \n  "}
{"texto": "\n    MASTG-KNOW-0064: Debugging Code and Error Logging\n    \n  "}
{"texto": "\n    MASTG-KNOW-0065: Exception Handling\n    \n  "}
{"texto": "\n    MASTG-KNOW-0084: Jailbreak Detection\n    \n  "}
{"texto": "\n    MASTG-KNOW-0085: Anti-Debugging Detection\n    \n  "}
{"texto": "\n    MASTG-KNOW-0086: File Integrity Checks\n    \n  "}
{"texto": "\n    MASTG-KNOW-0087: Reverse Engineering Tools Detection\n    \n  "}
{"texto": "\n    MASTG-KNOW-0088: Emulator Detection\n    \n  "}
{"texto": "\n    MASTG-KNOW-0089: Obfuscation\n    \n  "}
{"texto": "\n    MASTG-KNOW-0090: Device Binding\n    \n  "}
{"texto": "\n    MASTG-TEST-0001: Testing Local Storage for Sensitive Data\n    \n  "}
{"texto": "\n    MASTG-TEST-0003: Testing Logs for Sensitive Data\n    \n  "}
{"texto": "\n    MASTG-TEST-0004: Determining Whether Sensitive Data Is Shared with Third Parties via Embedded Services\n    \n  "}
{"texto": "\n    MASTG-TEST-0005: Determining Whether Sensitive Data Is Shared with Third Parties via Notifications\n    \n  "}
{"texto": "\n    MASTG-TEST-0006: Determining Whether the Keyboard Cache Is Disabled for Text Input Fields\n    \n  "}
{"texto": "\n    MASTG-TEST-0009: Testing Backups for Sensitive Data\n    \n  "}
{"texto": "\n    MASTG-TEST-0011: Testing Memory for Sensitive Data\n    \n  "}
{"texto": "\n    MASTG-TEST-0012: Testing the Device-Access-Security Policy\n    \n  "}
{"texto": "\n    MASTG-TEST-0200: Files Written to External Storage\n    \n  "}
{"texto": "\n    MASTG-TEST-0201: Runtime Use of APIs to Access External Storage\n    \n  "}
{"texto": "\n    MASTG-TEST-0202: References to APIs and Permissions for Accessing External Storage\n    \n  "}
{"texto": "\n    MASTG-TEST-0203: Runtime Use of Logging APIs\n    \n  "}
{"texto": "\n    MASTG-TEST-0207: Runtime Storage of Unencrypted Data in the App Sandbox\n    \n  "}
{"texto": "\n    MASTG-TEST-0216: Sensitive Data Not Excluded From Backup\n    \n  "}
{"texto": "\n    MASTG-TEST-0231: References to Logging APIs\n    \n  "}
{"texto": "\n    MASTG-TEST-0262: References to Backup Configurations Not Excluding Sensitive Data\n    \n  "}
{"texto": "\n    MASTG-TEST-0287: Sensitive Data Stored Unencrypted via the SharedPreferences API to the App Sandbox\n    \n  "}
{"texto": "\n    MASTG-TEST-0304: Sensitive Data Stored Unencrypted via SQLite\n    \n  "}
{"texto": "\n    MASTG-TEST-0305: Sensitive Data Stored Unencrypted via DataStore\n    \n  "}
{"texto": "\n    MASTG-TEST-0306: Sensitive Data Stored Unencrypted via Android Room DB\n    \n  "}
{"texto": "\n    MASTG-TEST-0013: Testing Symmetric Cryptography\n    \n  "}
{"texto": "\n    MASTG-TEST-0014: Testing the Configuration of Cryptographic Standard Algorithms\n    \n  "}
{"texto": "\n    MASTG-TEST-0015: Testing the Purposes of Keys\n    \n  "}
{"texto": "\n    MASTG-TEST-0016: Testing Random Number Generation\n    \n  "}
{"texto": "\n    MASTG-TEST-0204: Insecure Random API Usage\n    \n  "}
{"texto": "\n    MASTG-TEST-0205: Non-random Sources Usage\n    \n  "}
{"texto": "\n    MASTG-TEST-0208: Insufficient Key Sizes\n    \n  "}
{"texto": "\n    MASTG-TEST-0212: Use of Hardcoded Cryptographic Keys in Code\n    \n  "}
{"texto": "\n    MASTG-TEST-0221: Broken Symmetric Encryption Algorithms\n    \n  "}
{"texto": "\n    MASTG-TEST-0232: Broken Symmetric Encryption Modes\n    \n  "}
{"texto": "\n    MASTG-TEST-0307: References to Asymmetric Key Pairs Used For Multiple Purposes\n    \n  "}
{"texto": "\n    MASTG-TEST-0308: Runtime Use of Asymmetric Key Pairs Used For Multiple Purposes\n    \n  "}
{"texto": "\n    MASTG-TEST-0309: References to Reused Initialization Vectors in Symmetric Encryption\n    \n  "}
{"texto": "\n    MASTG-TEST-0310: Runtime Use of Reused Initialization Vectors in Symmetric Encryption\n    \n  "}
{"texto": "\n    MASTG-TEST-0312: References to Explicit Security Provider in Cryptographic APIs\n    \n  "}
{"texto": "\n    MASTG-TEST-0017: Testing Confirm Credentials\n    \n  "}
{"texto": "\n    MASTG-TEST-0018: Testing Biometric Authentication\n    \n  "}
{"texto": "\n    MASTG-TEST-0019: Testing Data Encryption on the Network\n    \n  "}
{"texto": "\n    MASTG-TEST-0020: Testing the TLS Settings\n    \n  "}
{"texto": "\n    MASTG-TEST-0021: Testing Endpoint Identify Verification\n    \n  "}
{"texto": "\n    MASTG-TEST-0022: Testing Custom Certificate Stores and Certificate Pinning\n    \n  "}
{"texto": "\n    MASTG-TEST-0023: Testing the Security Provider\n    \n  "}
{"texto": "\n    MASTG-TEST-0217: Insecure TLS Protocols Explicitly Allowed in Code\n    \n  "}
{"texto": "\n    MASTG-TEST-0218: Insecure TLS Protocols in Network Traffic\n    \n  "}
{"texto": "\n    MASTG-TEST-0233: Hardcoded HTTP URLs\n    \n  "}
{"texto": "\n    MASTG-TEST-0234: Missing Implementation of Server Hostname Verification with SSLSockets\n    \n  "}
{"texto": "\n    MASTG-TEST-0235: Android App Configurations Allowing Cleartext Traffic\n    \n  "}
{"texto": "\n    MASTG-TEST-0236: Cleartext Traffic Observed on the Network\n    \n  "}
{"texto": "\n    MASTG-TEST-0237: Cross-Platform Framework Configurations Allowing Cleartext Traffic\n    \n  "}
{"texto": "\n    MASTG-TEST-0238: Runtime Use of Network APIs Transmitting Cleartext Traffic\n    \n  "}
{"texto": "\n    MASTG-TEST-0239: Using low-level APIs (e.g. Socket) to set up a custom HTTP connection\n    \n  "}
{"texto": "\n    MASTG-TEST-0242: Missing Certificate Pinning in Network Security Configuration\n    \n  "}
{"texto": "\n    MASTG-TEST-0243: Expired Certificate Pins in the Network Security Configuration\n    \n  "}
{"texto": "\n    MASTG-TEST-0244: Missing Certificate Pinning in Network Traffic\n    \n  "}
{"texto": "\n    MASTG-TEST-0282: Unsafe Custom Trust Evaluation\n    \n  "}
{"texto": "\n    MASTG-TEST-0283: Incorrect Implementation of Server Hostname Verification\n    \n  "}
{"texto": "\n    MASTG-TEST-0284: Incorrect SSL Error Handling in WebViews\n    \n  "}
{"texto": "\n    MASTG-TEST-0285: Outdated Android Version Allowing Trust in User-Provided CAs\n    \n  "}
{"texto": "\n    MASTG-TEST-0286: Network Security Configuration Allowing Trust in User-Provided CAs\n    \n  "}
{"texto": "\n    MASTG-TEST-0295: GMS Security Provider Not Updated\n    \n  "}
{"texto": "\n    MASTG-TEST-0007: Determining Whether Sensitive Stored Data Has Been Exposed via IPC Mechanisms\n    \n  "}
{"texto": "\n    MASTG-TEST-0008: Checking for Sensitive Data Disclosure Through the User Interface\n    \n  "}
{"texto": "\n    MASTG-TEST-0010: Finding Sensitive Information in Auto-Generated Screenshots\n    \n  "}
{"texto": "\n    MASTG-TEST-0024: Testing for App Permissions\n    \n  "}
{"texto": "\n    MASTG-TEST-0028: Testing Deep Links\n    \n  "}
{"texto": "\n    MASTG-TEST-0029: Testing for Sensitive Functionality Exposure Through IPC\n    \n  "}
{"texto": "\n    MASTG-TEST-0030: Testing for Vulnerable Implementation of PendingIntent\n    \n  "}
{"texto": "\n    MASTG-TEST-0031: Testing JavaScript Execution in WebViews\n    \n  "}
{"texto": "\n    MASTG-TEST-0032: Testing WebView Protocol Handlers\n    \n  "}
{"texto": "\n    MASTG-TEST-0033: Testing for Java Objects Exposed Through WebViews\n    \n  "}
{"texto": "\n    MASTG-TEST-0035: Testing for Overlay Attacks\n    \n  "}
{"texto": "\n    MASTG-TEST-0037: Testing WebViews Cleanup\n    \n  "}
{"texto": "\n    MASTG-TEST-0250: References to Content Provider Access in WebViews\n    \n  "}
{"texto": "\n    MASTG-TEST-0251: Runtime Use of Content Provider Access APIs in WebViews\n    \n  "}
{"texto": "\n    MASTG-TEST-0252: References to Local File Access in WebViews\n    \n  "}
{"texto": "\n    MASTG-TEST-0253: Runtime Use of Local File Access APIs in WebViews\n    \n  "}
{"texto": "\n    MASTG-TEST-0258: References to Keyboard Caching Attributes in UI Elements\n    \n  "}
{"texto": "\n    MASTG-TEST-0289: Runtime Verification of Sensitive Content Exposure in Screenshots During App Backgrounding\n    \n  "}
{"texto": "\n    MASTG-TEST-0291: References to Screen Capturing Prevention APIs\n    \n  "}
{"texto": "\n    MASTG-TEST-0292: `setRecentsScreenshotEnabled` Not Used to Prevent Screenshots When Backgrounded\n    \n  "}
{"texto": "\n    MASTG-TEST-0293: `setSecure` Not Used to Prevent Screenshots in SurfaceViews\n    \n  "}
{"texto": "\n    MASTG-TEST-0294: `SecureOn` Not Used to Prevent Screenshots in Compose Dialogs\n    \n  "}
{"texto": "\n    MASTG-TEST-0002: Testing Local Storage for Input Validation\n    \n  "}
{"texto": "\n    MASTG-TEST-0025: Testing for Injection Flaws\n    \n  "}
{"texto": "\n    MASTG-TEST-0026: Testing Implicit Intents\n    \n  "}
{"texto": "\n    MASTG-TEST-0027: Testing for URL Loading in WebViews\n    \n  "}
{"texto": "\n    MASTG-TEST-0034: Testing Object Persistence\n    \n  "}
{"texto": "\n    MASTG-TEST-0036: Testing Enforced Updating\n    \n  "}
{"texto": "\n    MASTG-TEST-0042: Checking for Weaknesses in Third Party Libraries\n    \n  "}
{"texto": "\n    MASTG-TEST-0043: Memory Corruption Bugs\n    \n  "}
{"texto": "\n    MASTG-TEST-0044: Make Sure That Free Security Features Are Activated\n    \n  "}
{"texto": "\n    MASTG-TEST-0222: Position Independent Code (PIC) Not Enabled\n    \n  "}
{"texto": "\n    MASTG-TEST-0223: Stack Canaries Not Enabled\n    \n  "}
{"texto": "\n    MASTG-TEST-0245: References to Platform Version APIs\n    \n  "}
{"texto": "\n    MASTG-TEST-0272: Identify Dependencies with Known Vulnerabilities in the Android Project\n    \n  "}
{"texto": "\n    MASTG-TEST-0274: Dependencies with Known Vulnerabilities in the App's SBOM\n    \n  "}
{"texto": "\n    MASTG-TEST-0038: Making Sure that the App is Properly Signed\n    \n  "}
{"texto": "\n    MASTG-TEST-0039: Testing whether the App is Debuggable\n    \n  "}
{"texto": "\n    MASTG-TEST-0040: Testing for Debugging Symbols\n    \n  "}
{"texto": "\n    MASTG-TEST-0041: Testing for Debugging Code and Verbose Error Logging\n    \n  "}
{"texto": "\n    MASTG-TEST-0045: Testing Root Detection\n    \n  "}
{"texto": "\n    MASTG-TEST-0046: Testing Anti-Debugging Detection\n    \n  "}
{"texto": "\n    MASTG-TEST-0047: Testing File Integrity Checks\n    \n  "}
{"texto": "\n    MASTG-TEST-0048: Testing Reverse Engineering Tools Detection\n    \n  "}
{"texto": "\n    MASTG-TEST-0049: Testing Emulator Detection\n    \n  "}
{"texto": "\n    MASTG-TEST-0050: Testing Runtime Integrity Checks\n    \n  "}
{"texto": "\n    MASTG-TEST-0051: Testing Obfuscation\n    \n  "}
{"texto": "\n    MASTG-TEST-0224: Usage of Insecure Signature Version\n    \n  "}
{"texto": "\n    MASTG-TEST-0225: Usage of Insecure Signature Key Size\n    \n  "}
{"texto": "\n    MASTG-TEST-0226: Debuggable Flag Enabled in the AndroidManifest\n    \n  "}
{"texto": "\n    MASTG-TEST-0227: Debugging Enabled for WebViews\n    \n  "}
{"texto": "\n    MASTG-TEST-0247: References to APIs for Detecting Secure Screen Lock\n    \n  "}
{"texto": "\n    MASTG-TEST-0249: Runtime Use of Secure Screen Lock Detection APIs\n    \n  "}
{"texto": "\n    MASTG-TEST-0263: Logging of StrictMode Violations\n    \n  "}
{"texto": "\n    MASTG-TEST-0264: Runtime Use of StrictMode APIs\n    \n  "}
{"texto": "\n    MASTG-TEST-0265: References to StrictMode APIs\n    \n  "}
{"texto": "\n    MASTG-TEST-0288: Debugging Symbols in Native Binaries\n    \n  "}
{"texto": "\n    MASTG-TEST-0206: Undeclared PII in Network Traffic Capture\n    \n  "}
{"texto": "\n    MASTG-TEST-0254: Dangerous App Permissions\n    \n  "}
{"texto": "\n    MASTG-TEST-0255: Permission Requests Not Minimized\n    \n  "}
{"texto": "\n    MASTG-TEST-0256: Missing Permission Rationale\n    \n  "}
{"texto": "\n    MASTG-TEST-0257: Not Resetting Unused Permissions\n    \n  "}
{"texto": "\n    MASTG-TEST-0052: Testing Local Data Storage\n    \n  "}
{"texto": "\n    MASTG-TEST-0053: Checking Logs for Sensitive Data\n    \n  "}
{"texto": "\n    MASTG-TEST-0054: Determining Whether Sensitive Data Is Shared with Third Parties\n    \n  "}
{"texto": "\n    MASTG-TEST-0055: Finding Sensitive Data in the Keyboard Cache\n    \n  "}
{"texto": "\n    MASTG-TEST-0058: Testing Backups for Sensitive Data\n    \n  "}
{"texto": "\n    MASTG-TEST-0060: Testing Memory for Sensitive Data\n    \n  "}
{"texto": "\n    MASTG-TEST-0215: Sensitive Data Not Marked For Backup Exclusion\n    \n  "}
{"texto": "\n    MASTG-TEST-0296: Sensitive Data Exposure Through Insecure Logging\n    \n  "}
{"texto": "\n    MASTG-TEST-0297: Insertion of Sensitive Data into Logs\n    \n  "}
{"texto": "\n    MASTG-TEST-0298: Runtime Monitoring of Files Eligible for Backup\n    \n  "}
{"texto": "\n    MASTG-TEST-0299: Data Protection Classes for Files in Private Storage\n    \n  "}
{"texto": "\n    MASTG-TEST-0300: References to APIs for Storing Unencrypted Data in Private Storage\n    \n  "}
{"texto": "\n    MASTG-TEST-0301: Runtime Use of APIs for Storing Unencrypted Data in Private Storage\n    \n  "}
{"texto": "\n    MASTG-TEST-0302: Sensitive Data Unencrypted in Private Storage Files\n    \n  "}
{"texto": "\n    MASTG-TEST-0303: References to APIs for Storing Unencrypted Data in Shared Storage\n    \n  "}
{"texto": "\n    MASTG-TEST-0061: Verifying the Configuration of Cryptographic Standard Algorithms\n    \n  "}
{"texto": "\n    MASTG-TEST-0062: Testing Key Management\n    \n  "}
{"texto": "\n    MASTG-TEST-0063: Testing Random Number Generation\n    \n  "}
{"texto": "\n    MASTG-TEST-0209: Insufficient Key Sizes\n    \n  "}
{"texto": "\n    MASTG-TEST-0210: Broken Symmetric Encryption Algorithms\n    \n  "}
{"texto": "\n    MASTG-TEST-0211: Broken Hashing Algorithms\n    \n  "}
{"texto": "\n    MASTG-TEST-0213: Use of Hardcoded Cryptographic Keys in Code\n    \n  "}
{"texto": "\n    MASTG-TEST-0214: Hardcoded Cryptographic Keys in Files\n    \n  "}
{"texto": "\n    MASTG-TEST-0311: Insecure Random API Usage\n    \n  "}
{"texto": "\n    MASTG-TEST-0064: Testing Biometric Authentication\n    \n  "}
{"texto": "\n    MASTG-TEST-0266: References to APIs for Event-Bound Biometric Authentication\n    \n  "}
{"texto": "\n    MASTG-TEST-0267: Runtime Use Of Event-Bound Biometric Authentication\n    \n  "}
{"texto": "\n    MASTG-TEST-0268: References to APIs Allowing Fallback to Non-Biometric Authentication\n    \n  "}
{"texto": "\n    MASTG-TEST-0269: Runtime Use Of APIs Allowing Fallback to Non-Biometric Authentication\n    \n  "}
{"texto": "\n    MASTG-TEST-0270: References to APIs Detecting Biometric Enrollment Changes\n    \n  "}
{"texto": "\n    MASTG-TEST-0271: Runtime Use Of APIs Detecting Biometric Enrollment Changes\n    \n  "}
{"texto": "\n    MASTG-TEST-0065: Testing Data Encryption on the Network\n    \n  "}
{"texto": "\n    MASTG-TEST-0066: Testing the TLS Settings\n    \n  "}
{"texto": "\n    MASTG-TEST-0067: Testing Endpoint Identity Verification\n    \n  "}
{"texto": "\n    MASTG-TEST-0068: Testing Custom Certificate Stores and Certificate Pinning\n    \n  "}
{"texto": "\n    MASTG-TEST-0056: Determining Whether Sensitive Data Is Exposed via IPC Mechanisms\n    \n  "}
{"texto": "\n    MASTG-TEST-0057: Checking for Sensitive Data Disclosed Through the User Interface\n    \n  "}
{"texto": "\n    MASTG-TEST-0059: Testing Auto-Generated Screenshots for Sensitive Information\n    \n  "}
{"texto": "\n    MASTG-TEST-0069: Testing App Permissions\n    \n  "}
{"texto": "\n    MASTG-TEST-0070: Testing Universal Links\n    \n  "}
{"texto": "\n    MASTG-TEST-0071: Testing UIActivity Sharing\n    \n  "}
{"texto": "\n    MASTG-TEST-0072: Testing App Extensions\n    \n  "}
{"texto": "\n    MASTG-TEST-0073: Testing UIPasteboard\n    \n  "}
{"texto": "\n    MASTG-TEST-0075: Testing Custom URL Schemes\n    \n  "}
{"texto": "\n    MASTG-TEST-0076: Testing iOS WebViews\n    \n  "}
{"texto": "\n    MASTG-TEST-0077: Testing WebView Protocol Handlers\n    \n  "}
{"texto": "\n    MASTG-TEST-0078: Determining Whether Native Methods Are Exposed Through WebViews\n    \n  "}
{"texto": "\n    MASTG-TEST-0276: Use of the iOS General Pasteboard\n    \n  "}
{"texto": "\n    MASTG-TEST-0277: Sensitive Data in the iOS General Pasteboard at Runtime\n    \n  "}
{"texto": "\n    MASTG-TEST-0278: Pasteboard Contents Not Cleared After Use\n    \n  "}
{"texto": "\n    MASTG-TEST-0279: Pasteboard Contents Not Expiring\n    \n  "}
{"texto": "\n    MASTG-TEST-0280: Pasteboard Contents Not Restricted to Local Device\n    \n  "}
{"texto": "\n    MASTG-TEST-0290: Runtime Verification of Sensitive Content Exposure in Screenshots During App Backgrounding\n    \n  "}
{"texto": "\n    MASTG-TEST-0079: Testing Object Persistence\n    \n  "}
{"texto": "\n    MASTG-TEST-0080: Testing Enforced Updating\n    \n  "}
{"texto": "\n    MASTG-TEST-0085: Checking for Weaknesses in Third Party Libraries\n    \n  "}
{"texto": "\n    MASTG-TEST-0086: Memory Corruption Bugs\n    \n  "}
{"texto": "\n    MASTG-TEST-0087: Make Sure That Free Security Features Are Activated\n    \n  "}
{"texto": "\n    MASTG-TEST-0228: Position Independent Code (PIC) not Enabled\n    \n  "}
{"texto": "\n    MASTG-TEST-0229: Stack Canaries Not enabled\n    \n  "}
{"texto": "\n    MASTG-TEST-0230: Automatic Reference Counting (ARC) not enabled\n    \n  "}
{"texto": "\n    MASTG-TEST-0273: Identify Dependencies with Known Vulnerabilities by Scanning Dependency Managers Artifacts\n    \n  "}
{"texto": "\n    MASTG-TEST-0275: Dependencies with Known Vulnerabilities in the App's SBOM\n    \n  "}
{"texto": "\n    MASTG-TEST-0081: Making Sure that the App Is Properly Signed\n    \n  "}
{"texto": "\n    MASTG-TEST-0082: Testing whether the App is Debuggable\n    \n  "}
{"texto": "\n    MASTG-TEST-0083: Testing for Debugging Symbols\n    \n  "}
{"texto": "\n    MASTG-TEST-0084: Testing for Debugging Code and Verbose Error Logging\n    \n  "}
{"texto": "\n    MASTG-TEST-0088: Testing Jailbreak Detection\n    \n  "}
{"texto": "\n    MASTG-TEST-0089: Testing Anti-Debugging Detection\n    \n  "}
{"texto": "\n    MASTG-TEST-0090: Testing File Integrity Checks\n    \n  "}
{"texto": "\n    MASTG-TEST-0091: Testing Reverse Engineering Tools Detection\n    \n  "}
{"texto": "\n    MASTG-TEST-0092: Testing Emulator Detection\n    \n  "}
{"texto": "\n    MASTG-TEST-0093: Testing Obfuscation\n    \n  "}
{"texto": "\n    MASTG-TEST-0219: Testing for Debugging Symbols\n    \n  "}
{"texto": "\n    MASTG-TEST-0220: Usage of Outdated Code Signature Format\n    \n  "}
{"texto": "\n    MASTG-TEST-0240: Jailbreak Detection in Code\n    \n  "}
{"texto": "\n    MASTG-TEST-0241: Runtime Use of Jailbreak Detection Techniques\n    \n  "}
{"texto": "\n    MASTG-TEST-0246: Runtime Use of Secure Screen Lock Detection APIs\n    \n  "}
{"texto": "\n    MASTG-TEST-0248: References to APIs for Detecting Secure Screen Lock\n    \n  "}
{"texto": "\n    MASTG-TEST-0261: Debuggable Entitlement Enabled in the entitlements.plist\n    \n  "}
{"texto": "\n    MASTG-TEST-0281: Undeclared Known Tracking Domains\n    \n  "}
{"texto": "\n    MASTG-DEMO-0001: File System Snapshots from External Storage\n    \n  "}
{"texto": "\n    MASTG-DEMO-0002: External Storage APIs Tracing with Frida\n    \n  "}
{"texto": "\n    MASTG-DEMO-0003: App Writing to External Storage without Scoped Storage Restrictions\n    \n  "}
{"texto": "\n    MASTG-DEMO-0004: App Writing to External Storage with Scoped Storage Restrictions\n    \n  "}
{"texto": "\n    MASTG-DEMO-0005: App Writing to External Storage via the MediaStore API\n    \n  "}
{"texto": "\n    MASTG-DEMO-0006: Tracing Common Logging APIs Looking for Secrets\n    \n  "}
{"texto": "\n    MASTG-DEMO-0010: File System Snapshots from Internal Storage\n    \n  "}
{"texto": "\n    MASTG-DEMO-0020: Data Exclusion using backup_rules.xml with Backup Manager\n    \n  "}
{"texto": "\n    MASTG-DEMO-0034: Backup and Restore App Data with semgrep\n    \n  "}
{"texto": "\n    MASTG-DEMO-0035: Data Exclusion using backup_rules.xml with adb backup\n    \n  "}
{"texto": "\n    MASTG-DEMO-0059: Using SharedPreferences to Write Sensitive Data Unencrypted to the App Sandbox\n    \n  "}
{"texto": "\n    MASTG-DEMO-0060: App Writing Sensitive Data to Sandbox using EncryptedSharedPreferences\n    \n  "}
{"texto": "\n    MASTG-DEMO-0064: Uses of Caching UI Elements with semgrep\n    \n  "}
{"texto": "\n    MASTG-DEMO-0068: Sensitive Data in Unencrypted SQLite\n    \n  "}
{"texto": "\n    MASTG-DEMO-0069: Sensitive Data Stored Unencrypted via DataStore\n    \n  "}
{"texto": "\n    MASTG-DEMO-0070: Sensitive Data Stored Unencrypted via Room Database\n    \n  "}
{"texto": "\n    MASTG-DEMO-0007: Common Uses of Insecure Random APIs\n    \n  "}
{"texto": "\n    MASTG-DEMO-0008: Uses of Non-random Sources\n    \n  "}
{"texto": "\n    MASTG-DEMO-0012: Cryptographic Key Generation With Insufficient Key Length\n    \n  "}
{"texto": "\n    MASTG-DEMO-0017: Use of Hardcoded AES Key in SecretKeySpec with semgrep\n    \n  "}
{"texto": "\n    MASTG-DEMO-0022: Uses of Broken Symmetric Encryption Algorithms in Cipher with semgrep\n    \n  "}
{"texto": "\n    MASTG-DEMO-0023: Uses of Broken Encryption Modes in Cipher with semgrep\n    \n  "}
{"texto": "\n    MASTG-DEMO-0058: Using KeyGenParameterSpec with a Broken ECB Block Mode\n    \n  "}
{"texto": "\n    MASTG-DEMO-0071: References to Asymmetric Key Pairs Used For Multiple Purposes with Semgrep\n    \n  "}
{"texto": "\n    MASTG-DEMO-0072: Runtime Use of Asymmetric Key Pairs Used For Multiple Purposes With Frida\n    \n  "}
{"texto": "\n    MASTG-DEMO-0075: Uses of Explicit Security Providers in Cryptographic APIs with semgrep\n    \n  "}
{"texto": "\n    MASTG-DEMO-0048: SSLSocket Connection to Wrong Host Server Allowed by Lack of HostnameVerifier\n    \n  "}
{"texto": "\n    MASTG-DEMO-0049: SSLSocket Connection to Wrong Host Server Blocked by HostnameVerifier\n    \n  "}
{"texto": "\n    MASTG-DEMO-0054: Use of a TrustManager that Does Not Validate Certificate Chains\n    \n  "}
{"texto": "\n    MASTG-DEMO-0055: Use of the HostnameVerifier that Allows Any Hostname\n    \n  "}
{"texto": "\n    MASTG-DEMO-0056: WebView Ignoring TLS Errors in onReceivedSslError\n    \n  "}
{"texto": "\n    MASTG-DEMO-0057: Network Security Configuration Allows User-Added Certificates\n    \n  "}
{"texto": "\n    MASTG-DEMO-0029: Uses of WebViews Allowing Content Access with semgrep\n    \n  "}
{"texto": "\n    MASTG-DEMO-0030: Uses of WebViews Allowing Content Access with Frida\n    \n  "}
{"texto": "\n    MASTG-DEMO-0031: Uses of WebViews Allowing Local File Access with Frida\n    \n  "}
{"texto": "\n    MASTG-DEMO-0032: Uses of WebViews Allowing Local File Access with semgrep\n    \n  "}
{"texto": "\n    MASTG-DEMO-0040: Debuggable Flag Enabled in the AndroidManifest with semgrep\n    \n  "}
{"texto": "\n    MASTG-DEMO-0061: Uses of FLAG_SECURE with semgrep\n    \n  "}
{"texto": "\n    MASTG-DEMO-0062: Enabling Screenshots in Recents via setRecentsScreenshotEnabled with semgrep\n    \n  "}
{"texto": "\n    MASTG-DEMO-0063: Incorrectly Preventing Screenshots with SecureFlagPolicy in Compose Dialogs with semgrep\n    \n  "}
{"texto": "\n    MASTG-DEMO-0025: Uses of Build.VERSION.SDK_INT with semgrep\n    \n  "}
{"texto": "\n    MASTG-DEMO-0050: Identifying Insecure Dependencies in Android Studio\n    \n  "}
{"texto": "\n    MASTG-DEMO-0051: Identifying Insecure Dependencies through SBOM Creation\n    \n  "}
{"texto": "\n    MASTG-DEMO-0027: Runtime Use of KeyguardManager.isDeviceSecure and BiometricManager.canAuthenticate APIs with Frida\n    \n  "}
{"texto": "\n    MASTG-DEMO-0028: Uses of KeyguardManager.isDeviceSecure and BiometricManager.canAuthenticate with semgrep\n    \n  "}
{"texto": "\n    MASTG-DEMO-0037: App Leaking Information about Unclosed SQL Cursor via StrictMode\n    \n  "}
{"texto": "\n    MASTG-DEMO-0038: Detecting StrictMode Uses with Frida\n    \n  "}
{"texto": "\n    MASTG-DEMO-0039: Detecting StrictMode PenaltyLog Usage with Semgrep\n    \n  "}
{"texto": "\n    MASTG-DEMO-0009: Detecting Undeclared PII in Network Traffic\n    \n  "}
{"texto": "\n    MASTG-DEMO-0033: Dangerous Permissions in the AndroidManifest with semgrep\n    \n  "}
{"texto": "\n    MASTG-DEMO-0019: Uses of isExcludedFromBackupKey with r2\n    \n  "}
{"texto": "\n    MASTG-DEMO-0065: Uses of Logging APIs with r2\n    \n  "}
{"texto": "\n    MASTG-DEMO-0066: Sensitive Data Logging with idevicesyslog\n    \n  "}
{"texto": "\n    MASTG-DEMO-0067: Runtime Tracking of Files Eligible for Backup with Frida\n    \n  "}
{"texto": "\n    MASTG-DEMO-0011: Uses of Insufficient Key Size in SecKeyCreateRandomKey with r2\n    \n  "}
{"texto": "\n    MASTG-DEMO-0013: Use of Hardcoded RSA Private Key in SecKeyCreateWithData with r2\n    \n  "}
{"texto": "\n    MASTG-DEMO-0014: Use of Hardcoded ECDSA Private Key in CryptoKit with r2\n    \n  "}
{"texto": "\n    MASTG-DEMO-0015: Uses of Broken Hashing Algorithms in CommonCrypto with r2\n    \n  "}
{"texto": "\n    MASTG-DEMO-0016: Uses of Broken Hashing Algorithms in CryptoKit with r2\n    \n  "}
{"texto": "\n    MASTG-DEMO-0018: Uses of Broken Encryption Algorithms in CommonCrypto with r2\n    \n  "}
{"texto": "\n    MASTG-DEMO-0073: Uses of Insecure Random Number Generation with r2\n    \n  "}
{"texto": "\n    MASTG-DEMO-0074: Uses of Insecure Random Number Generation with frida-trace\n    \n  "}
{"texto": "\n    MASTG-DEMO-0041: Uses of LAContext.evaluatePolicy with r2\n    \n  "}
{"texto": "\n    MASTG-DEMO-0042: Runtime Use of LAContext.evaluatePolicy with Frida\n    \n  "}
{"texto": "\n    MASTG-DEMO-0043: Uses of kSecAccessControlUserPresence with r2\n    \n  "}
{"texto": "\n    MASTG-DEMO-0044: Runtime Use of kSecAccessControlUserPresence with Frida\n    \n  "}
{"texto": "\n    MASTG-DEMO-0045: Uses of kSecAccessControlBiometryCurrentSet with r2\n    \n  "}
{"texto": "\n    MASTG-DEMO-0046: Runtime Use of kSecAccessControlBiometryCurrentSet with Frida\n    \n  "}
{"texto": "\n    MASTG-DEMO-0047: Runtime Use of the Keychain Not Requiring User Presence with Frida\n    \n  "}
{"texto": "\n    MASTG-DEMO-0021: Uses of Jailbreak Detection Techniques with r2\n    \n  "}
{"texto": "\n    MASTG-DEMO-0024: Uses of LAContext.canEvaluatePolicy with r2\n    \n  "}
{"texto": "\n    MASTG-DEMO-0026: Runtime Use of LAContext.canEvaluatePolicy with Frida\n    \n  "}
{"texto": "\n    MASTG-DEMO-0036: Debuggable Entitlement Enabled in the entitlements.plist with rabin2\n    \n  "}
{"texto": "\n    MASTG-TECH-0047: Reverse Engineering\n    \n  "}
{"texto": "\n    MASTG-TECH-0048: Static Analysis\n    \n  "}
{"texto": "\n    MASTG-TECH-0049: Dynamic Analysis\n    \n  "}
{"texto": "\n    MASTG-TECH-0050: Binary Analysis\n    \n  "}
{"texto": "\n    MASTG-TECH-0051: Tampering and Runtime Instrumentation\n    \n  "}
{"texto": "\n    MASTG-TECH-0119: Intercepting HTTP Traffic by Hooking Network APIs at the Application Layer\n    \n  "}
{"texto": "\n    MASTG-TECH-0120: Intercepting HTTP Traffic Using an Interception Proxy\n    \n  "}
{"texto": "\n    MASTG-TECH-0121: Intercepting Non-HTTP Traffic Using an Interception Proxy\n    \n  "}
{"texto": "\n    MASTG-TECH-0122: Passive Eavesdropping\n    \n  "}
{"texto": "\n    MASTG-TECH-0123: Achieving a MITM Position via ARP Spoofing\n    \n  "}
{"texto": "\n    MASTG-TECH-0124: Achieving a MITM Position Using a Rogue Access Point\n    \n  "}
{"texto": "\n    MASTG-TECH-0125: Intercepting Xamarin Traffic\n    \n  "}
{"texto": "\n    MASTG-TECH-0001: Accessing the Device Shell\n    \n  "}
{"texto": "\n    MASTG-TECH-0002: Host-Device Data Transfer\n    \n  "}
{"texto": "\n    MASTG-TECH-0003: Obtaining and Extracting Apps\n    \n  "}
{"texto": "\n    MASTG-TECH-0004: Repackaging Apps\n    \n  "}
{"texto": "\n    MASTG-TECH-0005: Installing Apps\n    \n  "}
{"texto": "\n    MASTG-TECH-0006: Listing Installed Apps\n    \n  "}
{"texto": "\n    MASTG-TECH-0007: Exploring the App Package\n    \n  "}
{"texto": "\n    MASTG-TECH-0008: Accessing App Data Directories\n    \n  "}
{"texto": "\n    MASTG-TECH-0009: Monitoring System Logs\n    \n  "}
{"texto": "\n    MASTG-TECH-0010: Basic Network Monitoring/Sniffing\n    \n  "}
{"texto": "\n    MASTG-TECH-0011: Setting Up an Interception Proxy\n    \n  "}
{"texto": "\n    MASTG-TECH-0012: Bypassing Certificate Pinning\n    \n  "}
{"texto": "\n    MASTG-TECH-0013: Reverse Engineering Android Apps\n    \n  "}
{"texto": "\n    MASTG-TECH-0014: Static Analysis on Android\n    \n  "}
{"texto": "\n    MASTG-TECH-0015: Dynamic Analysis on Android\n    \n  "}
{"texto": "\n    MASTG-TECH-0016: Disassembling Code to Smali\n    \n  "}
{"texto": "\n    MASTG-TECH-0017: Decompiling Java Code\n    \n  "}
{"texto": "\n    MASTG-TECH-0018: Disassembling Native Code\n    \n  "}
{"texto": "\n    MASTG-TECH-0019: Retrieving Strings\n    \n  "}
{"texto": "\n    MASTG-TECH-0020: Retrieving Cross References\n    \n  "}
{"texto": "\n    MASTG-TECH-0021: Information Gathering - API Usage\n    \n  "}
{"texto": "\n    MASTG-TECH-0022: Information Gathering - Network Communication\n    \n  "}
{"texto": "\n    MASTG-TECH-0023: Reviewing Decompiled Java Code\n    \n  "}
{"texto": "\n    MASTG-TECH-0024: Reviewing Disassembled Native Code\n    \n  "}
{"texto": "\n    MASTG-TECH-0025: Automated Static Analysis\n    \n  "}
{"texto": "\n    MASTG-TECH-0026: Dynamic Analysis on Non-Rooted Devices\n    \n  "}
{"texto": "\n    MASTG-TECH-0027: Get Open Files\n    \n  "}
{"texto": "\n    MASTG-TECH-0028: Get Open Connections\n    \n  "}
{"texto": "\n    MASTG-TECH-0029: Get Loaded Native Libraries\n    \n  "}
{"texto": "\n    MASTG-TECH-0030: Sandbox Inspection\n    \n  "}
{"texto": "\n    MASTG-TECH-0031: Debugging\n    \n  "}
{"texto": "\n    MASTG-TECH-0032: Execution Tracing\n    \n  "}
{"texto": "\n    MASTG-TECH-0033: Method Tracing\n    \n  "}
{"texto": "\n    MASTG-TECH-0034: Native Code Tracing\n    \n  "}
{"texto": "\n    MASTG-TECH-0035: JNI Tracing\n    \n  "}
{"texto": "\n    MASTG-TECH-0036: Emulation-based Analysis\n    \n  "}
{"texto": "\n    MASTG-TECH-0037: Symbolic Execution\n    \n  "}
{"texto": "\n    MASTG-TECH-0038: Patching\n    \n  "}
{"texto": "\n    MASTG-TECH-0039: Repackaging & Re-Signing\n    \n  "}
{"texto": "\n    MASTG-TECH-0040: Waiting for the Debugger\n    \n  "}
{"texto": "\n    MASTG-TECH-0041: Library Injection\n    \n  "}
{"texto": "\n    MASTG-TECH-0042: Getting Loaded Classes and Methods Dynamically\n    \n  "}
{"texto": "\n    MASTG-TECH-0043: Method Hooking\n    \n  "}
{"texto": "\n    MASTG-TECH-0044: Process Exploration\n    \n  "}
{"texto": "\n    MASTG-TECH-0045: Runtime Reverse Engineering\n    \n  "}
{"texto": "\n    MASTG-TECH-0100: Logging Sensitive Data from Network Traffic\n    \n  "}
{"texto": "\n    MASTG-TECH-0108: Taint Analysis\n    \n  "}
{"texto": "\n    MASTG-TECH-0109: Intercepting Flutter HTTPS Traffic\n    \n  "}
{"texto": "\n    MASTG-TECH-0112: Reverse Engineering Flutter Applications\n    \n  "}
{"texto": "\n    MASTG-TECH-0115: Obtaining Compiler-Provided Security Features\n    \n  "}
{"texto": "\n    MASTG-TECH-0116: Obtaining Information about the APK Signature\n    \n  "}
{"texto": "\n    MASTG-TECH-0117: Obtaining Information from the AndroidManifest\n    \n  "}
{"texto": "\n    MASTG-TECH-0126: Obtaining App Permissions\n    \n  "}
{"texto": "\n    MASTG-TECH-0127: Inspecting an App's Backup Data\n    \n  "}
{"texto": "\n    MASTG-TECH-0128: Performing a Backup and Restore of App Data\n    \n  "}
{"texto": "\n    MASTG-TECH-0129: Verifying Android Dependencies at Runtime\n    \n  "}
{"texto": "\n    MASTG-TECH-0130: Software Composition Analysis (SCA) of Android Dependencies by Creating a SBOM\n    \n  "}
{"texto": "\n    MASTG-TECH-0131: Software Composition Analysis (SCA) of Android Dependencies at Build Time\n    \n  "}
{"texto": "\n    MASTG-TECH-0140: Obtaining Debugging Information and Symbols\n    \n  "}
{"texto": "\n    MASTG-TECH-0141: Inspecting the Merged AndroidManifest\n    \n  "}
{"texto": "\n    MASTG-TECH-0052: Accessing the Device Shell\n    \n  "}
{"texto": "\n    MASTG-TECH-0053: Host-Device Data Transfer\n    \n  "}
{"texto": "\n    MASTG-TECH-0054: Obtaining and Extracting Apps\n    \n  "}
{"texto": "\n    MASTG-TECH-0055: Launching a Repackaged App in Debug Mode\n    \n  "}
{"texto": "\n    MASTG-TECH-0056: Installing Apps\n    \n  "}
{"texto": "\n    MASTG-TECH-0057: Listing Installed Apps\n    \n  "}
{"texto": "\n    MASTG-TECH-0058: Exploring the App Package\n    \n  "}
{"texto": "\n    MASTG-TECH-0059: Accessing App Data Directories\n    \n  "}
{"texto": "\n    MASTG-TECH-0060: Monitoring System Logs\n    \n  "}
{"texto": "\n    MASTG-TECH-0061: Dumping KeyChain Data\n    \n  "}
{"texto": "\n    MASTG-TECH-0062: Basic Network Monitoring/Sniffing\n    \n  "}
{"texto": "\n    MASTG-TECH-0063: Setting up an Interception Proxy\n    \n  "}
{"texto": "\n    MASTG-TECH-0064: Bypassing Certificate Pinning\n    \n  "}
{"texto": "\n    MASTG-TECH-0065: Reverse Engineering iOS Apps\n    \n  "}
{"texto": "\n    MASTG-TECH-0066: Static Analysis on iOS\n    \n  "}
{"texto": "\n    MASTG-TECH-0067: Dynamic Analysis on iOS\n    \n  "}
{"texto": "\n    MASTG-TECH-0068: Disassembling Native Code\n    \n  "}
{"texto": "\n    MASTG-TECH-0069: Decompiling Native Code\n    \n  "}
{"texto": "\n    MASTG-TECH-0070: Extracting Information from the Application Binary\n    \n  "}
{"texto": "\n    MASTG-TECH-0071: Retrieving Strings\n    \n  "}
{"texto": "\n    MASTG-TECH-0072: Retrieving Cross References\n    \n  "}
{"texto": "\n    MASTG-TECH-0073: Information Gathering - API Usage\n    \n  "}
{"texto": "\n    MASTG-TECH-0074: Information Gathering - Network Communication\n    \n  "}
{"texto": "\n    MASTG-TECH-0075: Reviewing Decompiled Objective-C and Swift Code\n    \n  "}
{"texto": "\n    MASTG-TECH-0076: Reviewing Disassembled Objective-C and Swift Code\n    \n  "}
{"texto": "\n    MASTG-TECH-0077: Reviewing Disassembled Native Code\n    \n  "}
{"texto": "\n    MASTG-TECH-0078: Automated Static Analysis\n    \n  "}
{"texto": "\n    MASTG-TECH-0079: Obtaining a Developer Provisioning Profile\n    \n  "}
{"texto": "\n    MASTG-TECH-0080: Get Open Files\n    \n  "}
{"texto": "\n    MASTG-TECH-0081: Get Open Connections\n    \n  "}
{"texto": "\n    MASTG-TECH-0082: Get Shared Libraries\n    \n  "}
{"texto": "\n    MASTG-TECH-0083: TBD\n    \n  "}
{"texto": "\n    MASTG-TECH-0084: Debugging\n    \n  "}
{"texto": "\n    MASTG-TECH-0085: Execution Tracing\n    \n  "}
{"texto": "\n    MASTG-TECH-0086: Method Tracing\n    \n  "}
{"texto": "\n    MASTG-TECH-0087: Native Code Tracing\n    \n  "}
{"texto": "\n    MASTG-TECH-0088: Emulation-based Analysis\n    \n  "}
{"texto": "\n    MASTG-TECH-0089: Symbolic Execution\n    \n  "}
{"texto": "\n    MASTG-TECH-0090: Injecting Frida Gadget into an IPA Automatically\n    \n  "}
{"texto": "\n    MASTG-TECH-0091: Injecting Libraries into an IPA Manually\n    \n  "}
{"texto": "\n    MASTG-TECH-0092: Signing IPA files\n    \n  "}
{"texto": "\n    MASTG-TECH-0093: Waiting for the debugger\n    \n  "}
{"texto": "\n    MASTG-TECH-0094: Getting Loaded Classes and Methods dynamically\n    \n  "}
{"texto": "\n    MASTG-TECH-0095: Method Hooking\n    \n  "}
{"texto": "\n    MASTG-TECH-0096: Process Exploration\n    \n  "}
{"texto": "\n    MASTG-TECH-0097: Runtime Reverse Engineering\n    \n  "}
{"texto": "\n    MASTG-TECH-0098: Patching React Native Apps\n    \n  "}
{"texto": "\n    MASTG-TECH-0110: Intercepting Flutter HTTPS Traffic\n    \n  "}
{"texto": "\n    MASTG-TECH-0111: Extracting Entitlements from MachO Binaries\n    \n  "}
{"texto": "\n    MASTG-TECH-0112: Obtaining the Code Signature Format Version\n    \n  "}
{"texto": "\n    MASTG-TECH-0113: Obtaining Debugging Symbols\n    \n  "}
{"texto": "\n    MASTG-TECH-0114: Demangling Symbols\n    \n  "}
{"texto": "\n    MASTG-TECH-0118: Obtaining Compiler-Provided Security Features\n    \n  "}
{"texto": "\n    MASTG-TECH-0132: Software Composition Analysis (SCA) of iOS Dependencies by Creating a SBOM\n    \n  "}
{"texto": "\n    MASTG-TECH-0133: Software Composition Analysis (SCA) of iOS Dependencies by Scanning Package Manager Artifacts\n    \n  "}
{"texto": "\n    MASTG-TECH-0134: Monitoring the Pasteboard\n    \n  "}
{"texto": "\n    MASTG-TECH-0135: Bypassing Biometric Authentication\n    \n  "}
{"texto": "\n    MASTG-TECH-0136: Retrieving PrivacyInfo.xcprivacy Files\n    \n  "}
{"texto": "\n    MASTG-TECH-0137: Analyzing PrivacyInfo.xcprivacy Files\n    \n  "}
{"texto": "\n    MASTG-TECH-0138: Convert Plist Files to JSON\n    \n  "}
{"texto": "\n    MASTG-TECH-0139: Attach to WKWebView\n    \n  "}
{"texto": "\n    MASTG-TOOL-0031: Frida\n    \n  "}
{"texto": "\n    MASTG-TOOL-0032: Frida CodeShare\n    \n  "}
{"texto": "\n    MASTG-TOOL-0033: Ghidra\n    \n  "}
{"texto": "\n    MASTG-TOOL-0034: LIEF\n    \n  "}
{"texto": "\n    MASTG-TOOL-0035: MobSF\n    \n  "}
{"texto": "\n    MASTG-TOOL-0036: r2frida\n    \n  "}
{"texto": "\n    MASTG-TOOL-0037: RMS Runtime Mobile Security\n    \n  "}
{"texto": "\n    MASTG-TOOL-0038: objection\n    \n  "}
{"texto": "\n    MASTG-TOOL-0098: iaito\n    \n  "}
{"texto": "\n    MASTG-TOOL-0100: reFlutter\n    \n  "}
{"texto": "\n    MASTG-TOOL-0101: disable-flutter-tls-verification\n    \n  "}
{"texto": "\n    MASTG-TOOL-0104: hermes-dec\n    \n  "}
{"texto": "\n    MASTG-TOOL-0106: Fridump\n    \n  "}
{"texto": "\n    MASTG-TOOL-0108: Corellium\n    \n  "}
{"texto": "\n    MASTG-TOOL-0110: semgrep\n    \n  "}
{"texto": "\n    MASTG-TOOL-0129: rabin2\n    \n  "}
{"texto": "\n    MASTG-TOOL-0131: dependency-check\n    \n  "}
{"texto": "\n    MASTG-TOOL-0132: dependency-track\n    \n  "}
{"texto": "\n    MASTG-TOOL-0133: Visual Studio Code (vscode)\n    \n  "}
{"texto": "\n    MASTG-TOOL-0134: cdxgen\n    \n  "}
{"texto": "\n    MASTG-TOOL-0144: gitleaks\n    \n  "}
{"texto": "\n    MASTG-TOOL-0001: Frida for Android\n    \n  "}
{"texto": "\n    MASTG-TOOL-0002: MobSF for Android\n    \n  "}
{"texto": "\n    MASTG-TOOL-0003: nm - Android\n    \n  "}
{"texto": "\n    MASTG-TOOL-0004: adb\n    \n  "}
{"texto": "\n    MASTG-TOOL-0005: Android NDK\n    \n  "}
{"texto": "\n    MASTG-TOOL-0006: Android SDK\n    \n  "}
{"texto": "\n    MASTG-TOOL-0007: Android Studio\n    \n  "}
{"texto": "\n    MASTG-TOOL-0008: Android-SSL-TrustKiller\n    \n  "}
{"texto": "\n    MASTG-TOOL-0009: APKiD\n    \n  "}
{"texto": "\n    MASTG-TOOL-0010: APKLab\n    \n  "}
{"texto": "\n    MASTG-TOOL-0011: Apktool\n    \n  "}
{"texto": "\n    MASTG-TOOL-0012: apkx\n    \n  "}
{"texto": "\n    MASTG-TOOL-0013: Busybox\n    \n  "}
{"texto": "\n    MASTG-TOOL-0014: Bytecode Viewer\n    \n  "}
{"texto": "\n    MASTG-TOOL-0015: drozer\n    \n  "}
{"texto": "\n    MASTG-TOOL-0016: gplaycli\n    \n  "}
{"texto": "\n    MASTG-TOOL-0017: House\n    \n  "}
{"texto": "\n    MASTG-TOOL-0018: jadx\n    \n  "}
{"texto": "\n    MASTG-TOOL-0019: jdb\n    \n  "}
{"texto": "\n    MASTG-TOOL-0020: JustTrustMe\n    \n  "}
{"texto": "\n    MASTG-TOOL-0021: Magisk\n    \n  "}
{"texto": "\n    MASTG-TOOL-0022: Proguard\n    \n  "}
{"texto": "\n    MASTG-TOOL-0023: RootCloak Plus\n    \n  "}
{"texto": "\n    MASTG-TOOL-0024: Scrcpy\n    \n  "}
{"texto": "\n    MASTG-TOOL-0025: SSLUnpinning\n    \n  "}
{"texto": "\n    MASTG-TOOL-0026: Termux\n    \n  "}
{"texto": "\n    MASTG-TOOL-0027: Xposed\n    \n  "}
{"texto": "\n    MASTG-TOOL-0028: radare2 for Android\n    \n  "}
{"texto": "\n    MASTG-TOOL-0029: objection for Android\n    \n  "}
{"texto": "\n    MASTG-TOOL-0030: Angr\n    \n  "}
{"texto": "\n    MASTG-TOOL-0099: FlowDroid\n    \n  "}
{"texto": "\n    MASTG-TOOL-0103: uber-apk-signer\n    \n  "}
{"texto": "\n    MASTG-TOOL-0107: JNITrace\n    \n  "}
{"texto": "\n    MASTG-TOOL-0112: pidcat\n    \n  "}
{"texto": "\n    MASTG-TOOL-0116: Blutter\n    \n  "}
{"texto": "\n    MASTG-TOOL-0120: ProxyDroid\n    \n  "}
{"texto": "\n    MASTG-TOOL-0123: apksigner\n    \n  "}
{"texto": "\n    MASTG-TOOL-0124: aapt2\n    \n  "}
{"texto": "\n    MASTG-TOOL-0125: Apkleaks\n    \n  "}
{"texto": "\n    MASTG-TOOL-0130: blint\n    \n  "}
{"texto": "\n    MASTG-TOOL-0140: frida-multiple-unpinning\n    \n  "}
{"texto": "\n    MASTG-TOOL-0039: Frida for iOS\n    \n  "}
{"texto": "\n    MASTG-TOOL-0040: MobSF for iOS\n    \n  "}
{"texto": "\n    MASTG-TOOL-0041: nm - iOS\n    \n  "}
{"texto": "\n    MASTG-TOOL-0042: BinaryCookieReader\n    \n  "}
{"texto": "\n    MASTG-TOOL-0043: class-dump\n    \n  "}
{"texto": "\n    MASTG-TOOL-0044: class-dump-z\n    \n  "}
{"texto": "\n    MASTG-TOOL-0045: class-dump-dyld\n    \n  "}
{"texto": "\n    MASTG-TOOL-0046: Cycript\n    \n  "}
{"texto": "\n    MASTG-TOOL-0047: Cydia\n    \n  "}
{"texto": "\n    MASTG-TOOL-0048: dsdump\n    \n  "}
{"texto": "\n    MASTG-TOOL-0049: Frida-cycript\n    \n  "}
{"texto": "\n    MASTG-TOOL-0050: Frida-ios-dump\n    \n  "}
{"texto": "\n    MASTG-TOOL-0051: gdb\n    \n  "}
{"texto": "\n    MASTG-TOOL-0053: iOSbackup\n    \n  "}
{"texto": "\n    MASTG-TOOL-0054: ios-deploy\n    \n  "}
{"texto": "\n    MASTG-TOOL-0055: iproxy\n    \n  "}
{"texto": "\n    MASTG-TOOL-0056: Keychain-Dumper\n    \n  "}
{"texto": "\n    MASTG-TOOL-0057: lldb\n    \n  "}
{"texto": "\n    MASTG-TOOL-0058: MachoOView\n    \n  "}
{"texto": "\n    MASTG-TOOL-0059: optool\n    \n  "}
{"texto": "\n    MASTG-TOOL-0060: otool\n    \n  "}
{"texto": "\n    MASTG-TOOL-0061: Grapefruit\n    \n  "}
{"texto": "\n    MASTG-TOOL-0062: Plutil\n    \n  "}
{"texto": "\n    MASTG-TOOL-0063: security\n    \n  "}
{"texto": "\n    MASTG-TOOL-0064: Sileo\n    \n  "}
{"texto": "\n    MASTG-TOOL-0065: simctl\n    \n  "}
{"texto": "\n    MASTG-TOOL-0066: SSL Kill Switch 3\n    \n  "}
{"texto": "\n    MASTG-TOOL-0067: swift-demangle\n    \n  "}
{"texto": "\n    MASTG-TOOL-0068: SwiftShield\n    \n  "}
{"texto": "\n    MASTG-TOOL-0069: Usbmuxd\n    \n  "}
{"texto": "\n    MASTG-TOOL-0070: Xcode\n    \n  "}
{"texto": "\n    MASTG-TOOL-0071: Xcode Command Line Tools\n    \n  "}
{"texto": "\n    MASTG-TOOL-0072: xcrun\n    \n  "}
{"texto": "\n    MASTG-TOOL-0073: radare2 for iOS\n    \n  "}
{"texto": "\n    MASTG-TOOL-0074: objection for iOS\n    \n  "}
{"texto": "\n    MASTG-TOOL-0102: ios-app-signer\n    \n  "}
{"texto": "\n    MASTG-TOOL-0105: ipsw\n    \n  "}
{"texto": "\n    MASTG-TOOL-0111: ldid\n    \n  "}
{"texto": "\n    MASTG-TOOL-0114: codesign\n    \n  "}
{"texto": "\n    MASTG-TOOL-0117: fastlane\n    \n  "}
{"texto": "\n    MASTG-TOOL-0118: Sideloadly\n    \n  "}
{"texto": "\n    MASTG-TOOL-0121: objdump - iOS\n    \n  "}
{"texto": "\n    MASTG-TOOL-0122: c++filt\n    \n  "}
{"texto": "\n    MASTG-TOOL-0126: libimobiledevice suite\n    \n  "}
{"texto": "\n    MASTG-TOOL-0127: AppSync Unified\n    \n  "}
{"texto": "\n    MASTG-TOOL-0128: Filza\n    \n  "}
{"texto": "\n    MASTG-TOOL-0135: PlistBuddy\n    \n  "}
{"texto": "\n    MASTG-TOOL-0136: plistlib\n    \n  "}
{"texto": "\n    MASTG-TOOL-0137: GlobalWebInspect\n    \n  "}
{"texto": "\n    MASTG-TOOL-0138: ipainstaller\n    \n  "}
{"texto": "\n    MASTG-TOOL-0139: ElleKit\n    \n  "}
{"texto": "\n    MASTG-TOOL-0141: IOSSecuritySuite\n    \n  "}
{"texto": "\n    MASTG-TOOL-0142: Choicy\n    \n  "}
{"texto": "\n    MASTG-TOOL-0075: Android tcpdump\n    \n  "}
{"texto": "\n    MASTG-TOOL-0076: bettercap\n    \n  "}
{"texto": "\n    MASTG-TOOL-0077: Burp Suite\n    \n  "}
{"texto": "\n    MASTG-TOOL-0078: MITM Relay\n    \n  "}
{"texto": "\n    MASTG-TOOL-0079: ZAP\n    \n  "}
{"texto": "\n    MASTG-TOOL-0080: tcpdump\n    \n  "}
{"texto": "\n    MASTG-TOOL-0081: Wireshark\n    \n  "}
{"texto": "\n    MASTG-TOOL-0097: mitmproxy\n    \n  "}
{"texto": "\n    MASTG-TOOL-0109: Nope-Proxy\n    \n  "}
{"texto": "\n    MASTG-TOOL-0115: HTTP Toolkit\n    \n  "}
{"texto": "\n    MASTG-TOOL-0143: badssl\n    \n  "}
{"texto": "\n    MASTG-APP-0001: AndroGoat\n    \n  "}
{"texto": "\n    MASTG-APP-0002: Android License Validator\n    \n  "}
{"texto": "\n    MASTG-APP-0003: Android UnCrackable L1\n    \n  "}
{"texto": "\n    MASTG-APP-0004: Android UnCrackable L2\n    \n  "}
{"texto": "\n    MASTG-APP-0005: Android UnCrackable L3\n    \n  "}
{"texto": "\n    MASTG-APP-0006: Digitalbank\n    \n  "}
{"texto": "\n    MASTG-APP-0007: DIVA Android\n    \n  "}
{"texto": "\n    MASTG-APP-0008: DodoVulnerableBank\n    \n  "}
{"texto": "\n    MASTG-APP-0009: DVHMA\n    \n  "}
{"texto": "\n    MASTG-APP-0010: InsecureBankv2\n    \n  "}
{"texto": "\n    MASTG-APP-0011: MASTG Hacking Playground (Java)\n    \n  "}
{"texto": "\n    MASTG-APP-0012: MASTG Hacking Playground (Kotlin)\n    \n  "}
{"texto": "\n    MASTG-APP-0013: OVAA\n    \n  "}
{"texto": "\n    MASTG-APP-0014: InsecureShop\n    \n  "}
{"texto": "\n    MASTG-APP-0015: Android UnCrackable L4\n    \n  "}
{"texto": "\n    MASTG-APP-0016: Finstergram\n    \n  "}
{"texto": "\n    MASTG-APP-0017: Disable-flutter-tls-verification\n    \n  "}
{"texto": "\n    MASTG-APP-0018: MASTestApp-Android-NETWORK\n    \n  "}
{"texto": "\n    MASTG-APP-0029: BugBazaar\n    \n  "}
{"texto": "\n    MASTG-APP-0031: VulnForum\n    \n  "}
{"texto": "\n    MASTG-APP-0023: DVIA\n    \n  "}
{"texto": "\n    MASTG-APP-0024: DVIA-v2\n    \n  "}
{"texto": "\n    MASTG-APP-0025: iOS UnCrackable L1\n    \n  "}
{"texto": "\n    MASTG-APP-0026: iOS UnCrackable L2\n    \n  "}
{"texto": "\n    MASTG-APP-0027: Disable-flutter-tls-verification\n    \n  "}
{"texto": "\n    MASTG-APP-0028: iGoat-Swift\n    \n  "}
{"texto": "\n    MASTG-APP-0030: iBugBazaar\n    \n  "}
